email,lastname
Skye78@example.com,Kutch
Jaylan_Marvin@example.com,Crist
Herminio63@example.org,Crist
Rita77@example.org,Rath
Kenny_Gleason21@example.com,Auer
Luna.Stracke40@example.net,Lynch
Harold.Borer10@example.net,Mosciski
Issac_Kshlerin19@example.com,Krajcik
Jalen95@example.net,Parisian
Sherman88@example.org,Hudson
Nathen.Lockman@example.net,Fritsch
Salvatore_OConnell@example.org,Hilll
Jonas_Denesik56@example.com,Emard
Felicita_Crist11@example.net,Dach
Lillian24@example.net,Hessel
Taryn.Jaskolski63@example.com,Lueilwitz
Lesly.Goldner@example.com,Cormier
Kade.Ondricka89@example.org,Collier
Joe.Wolff25@example.com,Runte
Derrick.Gusikowski@example.com,Stehr
Bart_Halvorson@example.com,Paucek
Eliseo.Gusikowski@example.com,Williamson
Jovanny94@example.org,Koss
Madeline_Hirthe56@example.net,Mertz
Brett97@example.com,Schulist
Allison_Gerlach@example.net,Batz
Hettie71@example.org,Daniel
Alia12@example.org,Gusikowski
Ryan_Turner37@example.com,Goldner
Jessy.Hagenes@example.org,Jenkins
Lionel_Franecki89@example.net,Robel
Billy59@example.org,Veum
Berneice54@example.net,Tillman
Rita.Welch64@example.com,Gaylord
Chaya.Nolan32@example.net,Steuber
Marie0@example.com,Herman
Cleora_Abbott@example.com,Bogan
Keagan99@example.com,Schmeler
Demario91@example.org,Dare
Cristobal.Windler@example.com,Lind
Brandt_Jacobi@example.com,Nikolaus
Akeem.Bode@example.com,Gusikowski
Marley80@example.org,Adams
Madge_Jacobson80@example.net,Anderson
Ada52@example.org,Bogan
Boyd.Legros0@example.com,Kris
Norma96@example.net,Kshlerin
Jonathan.Mitchell@example.net,Crooks
Bryana.Bailey15@example.net,Pouros
Ignatius75@example.org,Borer
Lexie_Schoen42@example.org,O'Keefe
Antonetta_Johnston8@example.org,Jenkins
Melyssa.Lueilwitz@example.com,Goldner
Maida.Kertzmann85@example.org,Kihn
Adeline_Littel9@example.org,Abernathy
Emile.Gulgowski@example.com,Crooks
Alivia.Wuckert86@example.org,Schaden
Lukas_Ortiz@example.com,Lemke
Jettie.Wiza4@example.org,Pouros
Pat49@example.org,Koepp
Kobe.Morar@example.com,Hilll
Claudine.Stokes54@example.com,Rath
Vernice_Paucek35@example.com,Herman
Matilda39@example.org,Rutherford
Anita67@example.org,Howell
Abraham.Veum@example.org,Connelly
Keanu_Jacobi@example.net,Dibbert
Ola58@example.com,Powlowski
Melany.Harvey@example.net,Kihn
Brannon_Dickens@example.net,Borer
Nikko_Aufderhar89@example.com,Runolfsson
Allison49@example.org,Farrell
Savion28@example.com,Langworth
Carley_Buckridge17@example.org,Moen
Maxine_Hand@example.net,Leannon
Maryam.Kuhlman@example.com,Gleichner
Zachery.Beier@example.org,Anderson
Rahul96@example.com,Donnelly
Kristina.Koepp@example.org,Ebert
Dion_OConner@example.org,Howe
Katheryn.Turner@example.org,Harris
Margarete53@example.org,Hermann
Evert89@example.com,Champlin
Donavon65@example.net,Schaden
Hugh_Rutherford34@example.net,Schmeler
Vena.Corkery69@example.org,Wisoky
Ofelia0@example.com,Bode
Elyse.Marquardt@example.com,Boyer
Sierra_Schimmel@example.com,Sawayn
Candida_Gerhold0@example.net,Ankunding
Dagmar.Vandervort41@example.net,Lind
Linwood_Wuckert@example.org,Balistreri
Ova20@example.com,Hane
Vella.Casper97@example.org,Miller
Carlotta_Howe76@example.com,Bernier
Wilson_Simonis@example.com,Upton
Edgardo_Steuber@example.net,Berge
Isaias_Kemmer35@example.com,Graham
Tyrel.Jacobi32@example.com,Hintz
Aliyah_Blanda@example.org,Brakus